owner,total_photos,city_photos,city_ratio,day_span,classification
10038165@N02,29,29,1.0,2,TOURIST
10085107@N02,2,2,1.0,1,TOURIST
100940682@N04,2,2,1.0,0,TOURIST
100978997@N07,1,1,1.0,0,TOURIST
101528125@N06,9,9,1.0,0,TOURIST
101531307@N05,6,6,1.0,63,TOURIST
101926026@N07,4,4,1.0,220,RESIDENT
10286118@N00,3,3,1.0,0,TOURIST
10295659@N07,11,11,1.0,0,TOURIST
10345599@N03,3,3,1.0,0,TOURIST
10352380@N05,1,1,1.0,0,TOURIST
10372764@N03,1,1,1.0,0,TOURIST
103877283@N04,3,3,1.0,0,TOURIST
103925212@N02,1,1,1.0,0,TOURIST
10465235@N08,1,1,1.0,0,TOURIST
104656857@N06,19,19,1.0,0,TOURIST
10485077@N06,4,4,1.0,0,TOURIST
10501062@N00,1,1,1.0,0,TOURIST
105057848@N03,7,7,1.0,0,TOURIST
105856752@N02,153,153,1.0,1,TOURIST
10600715@N08,3,3,1.0,0,TOURIST
106611111@N02,3,3,1.0,0,TOURIST
107975976@N06,4,4,1.0,28,TOURIST
108291185@N06,8,8,1.0,1727,RESIDENT
10838746@N04,2,2,1.0,0,TOURIST
10856991@N08,7,7,1.0,0,TOURIST
108747549@N08,1,1,1.0,0,TOURIST
108848409@N03,2,2,1.0,0,TOURIST
10896199@N02,7,7,1.0,0,TOURIST
10909746@N05,21,21,1.0,0,TOURIST
109682776@N07,3,3,1.0,227,RESIDENT
110243836@N08,5,5,1.0,1,TOURIST
110423987@N08,2,2,1.0,0,TOURIST
110728579@N08,4,4,1.0,334,RESIDENT
11102419@N00,2,2,1.0,2,TOURIST
111314495@N05,3,3,1.0,0,TOURIST
11135829@N03,2,2,1.0,0,TOURIST
111463580@N03,1,1,1.0,0,TOURIST
111597006@N06,1,1,1.0,0,TOURIST
111699152@N04,5,5,1.0,398,RESIDENT
11180247@N04,1,1,1.0,0,TOURIST
11192111@N00,1,1,1.0,0,TOURIST
112055573@N04,1,1,1.0,0,TOURIST
112161144@N02,4,4,1.0,0,TOURIST
112302026@N07,4,4,1.0,0,TOURIST
11233936@N02,2,2,1.0,0,TOURIST
112468004@N07,1,1,1.0,0,TOURIST
11261325@N03,2,2,1.0,0,TOURIST
112714084@N07,4,4,1.0,48,TOURIST
11274550@N00,1,1,1.0,0,TOURIST
112791535@N06,2,2,1.0,0,TOURIST
11325185@N02,2,2,1.0,0,TOURIST
113402549@N03,7,7,1.0,0,TOURIST
11343635@N07,4,4,1.0,0,TOURIST
113594633@N07,1,1,1.0,0,TOURIST
11364153@N04,7,7,1.0,416,RESIDENT
11374444@N07,14,14,1.0,1,TOURIST
113817660@N03,3,3,1.0,0,TOURIST
11417420@N07,3,3,1.0,0,TOURIST
114194374@N07,3,3,1.0,0,TOURIST
114215508@N06,3,3,1.0,365,RESIDENT
11451860@N08,101,101,1.0,1495,RESIDENT
114797986@N08,14,14,1.0,0,TOURIST
115113955@N04,2,2,1.0,0,TOURIST
11554406@N00,2,2,1.0,0,TOURIST
116212459@N03,3,3,1.0,0,TOURIST
11674269@N08,3,3,1.0,0,TOURIST
116770257@N03,40,40,1.0,0,TOURIST
116784937@N06,4,4,1.0,0,TOURIST
11689887@N05,2,2,1.0,0,TOURIST
11768522@N06,25,25,1.0,5,TOURIST
117870559@N03,6,6,1.0,0,TOURIST
118506765@N07,8,8,1.0,6986,RESIDENT
118547663@N05,1,1,1.0,0,TOURIST
119084734@N04,1,1,1.0,0,TOURIST
119192561@N02,1,1,1.0,0,TOURIST
11983943@N02,1,1,1.0,0,TOURIST
12034206@N05,2,2,1.0,0,TOURIST
12054734@N06,19,19,1.0,2,TOURIST
120746968@N03,5,5,1.0,0,TOURIST
120833037@N06,9,9,1.0,748,RESIDENT
121233082@N04,35,35,1.0,2,TOURIST
12167448@N05,34,34,1.0,2,TOURIST
12189850@N08,1,1,1.0,0,TOURIST
12203485@N05,1,1,1.0,0,TOURIST
12220450@N03,1,1,1.0,0,TOURIST
12229469@N05,1,1,1.0,0,TOURIST
12249683@N08,6,6,1.0,0,TOURIST
122521853@N04,1,1,1.0,0,TOURIST
12284147@N00,7,7,1.0,1,TOURIST
12289447@N07,4,4,1.0,438,RESIDENT
12303964@N00,44,44,1.0,0,TOURIST
123046854@N07,9,9,1.0,1456,RESIDENT
123096458@N03,10,10,1.0,2,TOURIST
123218203@N05,4,4,1.0,0,TOURIST
123566961@N03,2,2,1.0,0,TOURIST
12412554@N07,1,1,1.0,0,TOURIST
124408349@N04,407,407,1.0,1,TOURIST
124458086@N02,5,5,1.0,0,TOURIST
124495171@N06,1,1,1.0,0,TOURIST
124530576@N07,3,3,1.0,0,TOURIST
124638754@N03,1,1,1.0,0,TOURIST
124763981@N05,5,5,1.0,0,TOURIST
125202787@N08,2,2,1.0,0,TOURIST
125216791@N07,3,3,1.0,0,TOURIST
125422569@N06,28,28,1.0,0,TOURIST
125436468@N03,1,1,1.0,0,TOURIST
12547546@N00,16,16,1.0,6,TOURIST
125564045@N06,4,4,1.0,0,TOURIST
125601701@N03,2,2,1.0,1460,RESIDENT
125643832@N06,1,1,1.0,0,TOURIST
125701341@N07,1,1,1.0,0,TOURIST
125868838@N02,12,12,1.0,2,TOURIST
125918564@N04,2,2,1.0,0,TOURIST
125970542@N04,3,3,1.0,1,TOURIST
126059730@N07,7,7,1.0,0,TOURIST
12606065@N00,5,5,1.0,0,TOURIST
126250149@N08,3,3,1.0,0,TOURIST
12650001@N08,12,12,1.0,5,TOURIST
126771727@N04,3,3,1.0,1564,RESIDENT
126856921@N04,1,1,1.0,0,TOURIST
127197881@N07,1,1,1.0,0,TOURIST
127349327@N05,43,43,1.0,3652,RESIDENT
127369307@N07,1,1,1.0,0,TOURIST
12741965@N00,1,1,1.0,0,TOURIST
127533881@N02,1,1,1.0,0,TOURIST
127591585@N07,1,1,1.0,0,TOURIST
127668983@N03,1,1,1.0,0,TOURIST
127734173@N03,2,2,1.0,1,TOURIST
127849392@N04,1,1,1.0,0,TOURIST
127906733@N05,2,2,1.0,0,TOURIST
128003162@N08,1,1,1.0,0,TOURIST
12818386@N00,1,1,1.0,0,TOURIST
128191152@N04,15,15,1.0,1,TOURIST
128432815@N03,2,2,1.0,3675,RESIDENT
128454275@N05,1,1,1.0,0,TOURIST
128539572@N06,3,3,1.0,0,TOURIST
12867133@N06,13,13,1.0,1,TOURIST
129231073@N06,13,13,1.0,0,TOURIST
129237435@N03,2,2,1.0,0,TOURIST
129454994@N06,3,3,1.0,0,TOURIST
129479602@N06,4,4,1.0,1,TOURIST
129545700@N02,3,3,1.0,0,TOURIST
129631597@N06,1,1,1.0,0,TOURIST
12971692@N07,11,11,1.0,0,TOURIST
129805014@N02,2,2,1.0,0,TOURIST
129843488@N07,1,1,1.0,0,TOURIST
130031272@N07,2,2,1.0,0,TOURIST
130128142@N04,1,1,1.0,0,TOURIST
130274232@N02,1,1,1.0,0,TOURIST
130299430@N03,1,1,1.0,0,TOURIST
130640248@N02,2,2,1.0,0,TOURIST
131412938@N03,1,1,1.0,0,TOURIST
131431296@N04,2,2,1.0,0,TOURIST
13148989@N03,2,2,1.0,0,TOURIST
131563592@N05,1,1,1.0,0,TOURIST
131823707@N06,1,1,1.0,0,TOURIST
13194817@N00,2,2,1.0,0,TOURIST
132414194@N03,2,2,1.0,0,TOURIST
132571827@N06,2,2,1.0,0,TOURIST
13257277@N00,210,210,1.0,3,TOURIST
132626623@N06,2,2,1.0,0,TOURIST
133190422@N03,6,6,1.0,0,TOURIST
133317146@N05,2,2,1.0,0,TOURIST
13338563@N00,2,2,1.0,0,TOURIST
133876835@N08,76,76,1.0,2,TOURIST
134039647@N02,3,3,1.0,0,TOURIST
13426843@N08,3,3,1.0,0,TOURIST
134378250@N05,1,1,1.0,0,TOURIST
13498452@N00,3,3,1.0,1,TOURIST
135420200@N02,3,3,1.0,0,TOURIST
135440617@N03,1,1,1.0,0,TOURIST
13549634@N06,2,2,1.0,0,TOURIST
13556828@N03,4,4,1.0,0,TOURIST
135625678@N06,3,3,1.0,0,TOURIST
135638490@N03,2,2,1.0,0,TOURIST
135671694@N03,1,1,1.0,0,TOURIST
135706304@N02,15,15,1.0,628,RESIDENT
135758003@N03,5,5,1.0,68,TOURIST
135866982@N05,4,4,1.0,0,TOURIST
135895861@N02,1,1,1.0,0,TOURIST
136240655@N04,2,2,1.0,0,TOURIST
136325095@N07,1,1,1.0,0,TOURIST
136373368@N02,4,4,1.0,0,TOURIST
13639872@N07,1,1,1.0,0,TOURIST
136415739@N04,1,1,1.0,0,TOURIST
136511885@N04,5,5,1.0,147,RESIDENT
13674038@N02,2,2,1.0,0,TOURIST
137023967@N04,2,2,1.0,0,TOURIST
137129299@N07,24,24,1.0,1076,RESIDENT
137245032@N04,1,1,1.0,0,TOURIST
137347074@N07,2,2,1.0,0,TOURIST
137392692@N02,5,5,1.0,2,TOURIST
137712307@N03,2,2,1.0,0,TOURIST
137918669@N08,244,244,1.0,2840,RESIDENT
138108269@N05,3,3,1.0,0,TOURIST
138752302@N05,4,4,1.0,0,TOURIST
13879794@N04,17,17,1.0,1,TOURIST
13885025@N05,4,4,1.0,0,TOURIST
138883094@N04,2,2,1.0,0,TOURIST
13893079@N06,2,2,1.0,0,TOURIST
139003966@N05,2,2,1.0,3562,RESIDENT
139150318@N05,1,1,1.0,0,TOURIST
13945854@N00,4,4,1.0,0,TOURIST
13950736@N03,11,11,1.0,2,TOURIST
139681288@N03,1,1,1.0,0,TOURIST
14093527@N03,20,20,1.0,6592,RESIDENT
141255856@N03,2,2,1.0,0,TOURIST
14139399@N00,3,3,1.0,3,TOURIST
141595328@N02,10,10,1.0,2,TOURIST
142083289@N03,4,4,1.0,1987,RESIDENT
14209672@N08,2,2,1.0,0,TOURIST
142316486@N05,3,3,1.0,0,TOURIST
14242265@N00,14,14,1.0,0,TOURIST
142603036@N07,1,1,1.0,0,TOURIST
14273810@N08,1,1,1.0,0,TOURIST
14277620@N00,14,14,1.0,57,TOURIST
14278819@N08,22,22,1.0,60,TOURIST
142995416@N07,13,13,1.0,5,TOURIST
143146286@N02,1,1,1.0,0,TOURIST
143330933@N08,2,2,1.0,0,TOURIST
14336132@N00,18,18,1.0,0,TOURIST
14344846@N08,8,8,1.0,0,TOURIST
143593890@N07,6,6,1.0,0,TOURIST
14426473@N04,5,5,1.0,0,TOURIST
144351962@N03,2,2,1.0,0,TOURIST
14437770@N08,1,1,1.0,0,TOURIST
144405414@N03,4,4,1.0,20,TOURIST
14441244@N08,2,2,1.0,0,TOURIST
14455092@N00,1,1,1.0,0,TOURIST
145003604@N02,2,2,1.0,2,TOURIST
145104728@N02,2,2,1.0,0,TOURIST
145361631@N02,2,2,1.0,0,TOURIST
145472109@N04,1,1,1.0,0,TOURIST
145683341@N07,1,1,1.0,0,TOURIST
145802237@N03,3,3,1.0,0,TOURIST
145868809@N06,1,1,1.0,0,TOURIST
146077050@N07,1,1,1.0,0,TOURIST
146150720@N06,7,7,1.0,2323,RESIDENT
146214487@N06,4,4,1.0,0,TOURIST
146438080@N07,6,6,1.0,0,TOURIST
146725631@N05,8,8,1.0,2,TOURIST
146838317@N05,9,9,1.0,508,RESIDENT
14686451@N02,2,2,1.0,0,TOURIST
14702267@N08,3,3,1.0,307,RESIDENT
147123366@N06,10,10,1.0,1994,RESIDENT
147153897@N06,2,2,1.0,0,TOURIST
147396021@N07,3,3,1.0,0,TOURIST
147434472@N05,2,2,1.0,0,TOURIST
14779042@N05,1,1,1.0,0,TOURIST
148027615@N03,2,2,1.0,0,TOURIST
14838182@N00,31,31,1.0,2,TOURIST
148512486@N05,3,3,1.0,10,TOURIST
14867442@N07,8,8,1.0,0,TOURIST
14886718@N05,1,1,1.0,0,TOURIST
149097407@N08,4,4,1.0,0,TOURIST
14950389@N05,1,1,1.0,0,TOURIST
14950906@N07,2,2,1.0,0,TOURIST
149636818@N06,80,80,1.0,4,TOURIST
14988570@N08,4,4,1.0,3,TOURIST
149915878@N06,5,5,1.0,1326,RESIDENT
149981562@N07,1,1,1.0,0,TOURIST
150006850@N07,2,2,1.0,0,TOURIST
15005196@N07,20,20,1.0,1,TOURIST
15031294@N04,51,51,1.0,0,TOURIST
15087210@N00,1,1,1.0,0,TOURIST
15105372@N03,1,1,1.0,0,TOURIST
151092480@N04,1,1,1.0,0,TOURIST
151440412@N02,2,2,1.0,0,TOURIST
151770565@N05,35,35,1.0,963,RESIDENT
15218401@N04,2,2,1.0,1,TOURIST
15256764@N06,9,9,1.0,2,TOURIST
15257460@N00,47,47,1.0,1054,RESIDENT
152673335@N06,2,2,1.0,0,TOURIST
152808095@N03,1,1,1.0,0,TOURIST
152902656@N06,2,2,1.0,0,TOURIST
152939044@N05,6,6,1.0,0,TOURIST
153031613@N06,2,2,1.0,1,TOURIST
15309075@N07,17,17,1.0,0,TOURIST
153320789@N03,2,2,1.0,4779,RESIDENT
154010318@N06,1,1,1.0,0,TOURIST
154025422@N05,2,2,1.0,0,TOURIST
154575130@N07,2,2,1.0,0,TOURIST
154650255@N03,1,1,1.0,0,TOURIST
15476629@N00,1,1,1.0,0,TOURIST
15493111@N07,1,1,1.0,0,TOURIST
155454670@N03,1,1,1.0,0,TOURIST
155464584@N04,1,1,1.0,0,TOURIST
15571118@N00,33,33,1.0,1088,RESIDENT
15588608@N00,6,6,1.0,0,TOURIST
156107086@N08,1,1,1.0,0,TOURIST
15614926@N04,6,6,1.0,0,TOURIST
15696015@N05,2,2,1.0,1422,RESIDENT
15700107@N02,3,3,1.0,0,TOURIST
15706818@N00,2,2,1.0,2,TOURIST
15865461@N00,1,1,1.0,0,TOURIST
15917364@N02,2,2,1.0,1,TOURIST
159186336@N03,2,2,1.0,0,TOURIST
159206940@N03,6,6,1.0,284,RESIDENT
159865077@N06,1,1,1.0,0,TOURIST
159971436@N03,3,3,1.0,0,TOURIST
160486813@N06,1,1,1.0,0,TOURIST
16128441@N00,4,4,1.0,0,TOURIST
16151021@N00,86,86,1.0,4,TOURIST
16188495@N00,3,3,1.0,0,TOURIST
16210667@N02,5,5,1.0,0,TOURIST
162118024@N05,1,1,1.0,0,TOURIST
16253319@N00,14,14,1.0,1,TOURIST
162684392@N05,1,1,1.0,0,TOURIST
162851011@N04,1,1,1.0,0,TOURIST
162979504@N04,2,2,1.0,0,TOURIST
163066456@N03,4,4,1.0,0,TOURIST
163158844@N05,1,1,1.0,0,TOURIST
16340560@N04,10,10,1.0,0,TOURIST
163869282@N05,95,95,1.0,565,RESIDENT
16412430@N00,1,1,1.0,0,TOURIST
16569662@N00,1,1,1.0,0,TOURIST
165888515@N03,9,9,1.0,0,TOURIST
165931304@N08,4,4,1.0,0,TOURIST
16658021@N07,1,1,1.0,0,TOURIST
16683908@N00,14,14,1.0,0,TOURIST
16815826@N00,2,2,1.0,0,TOURIST
16918945@N06,9,9,1.0,2841,RESIDENT
16973036@N04,1,1,1.0,0,TOURIST
16978339@N03,2,2,1.0,0,TOURIST
16996959@N04,2,2,1.0,0,TOURIST
17061054@N00,1,1,1.0,0,TOURIST
17266801@N00,2,2,1.0,0,TOURIST
17372221@N00,4,4,1.0,0,TOURIST
17454739@N00,1,1,1.0,0,TOURIST
17675540@N00,3,3,1.0,0,TOURIST
17743287@N00,2,2,1.0,0,TOURIST
17800147@N06,3,3,1.0,3,TOURIST
17901183@N00,30,30,1.0,1058,RESIDENT
18023272@N00,1,1,1.0,0,TOURIST
18090511@N03,5,5,1.0,0,TOURIST
18205690@N02,4,4,1.0,0,TOURIST
182363664@N08,2,2,1.0,0,TOURIST
182917640@N02,3,3,1.0,0,TOURIST
183014250@N08,1,1,1.0,0,TOURIST
183371512@N07,4,4,1.0,0,TOURIST
183838653@N06,1,1,1.0,0,TOURIST
184501773@N05,2,2,1.0,0,TOURIST
185035056@N05,1,1,1.0,0,TOURIST
18525773@N00,9,9,1.0,7,TOURIST
185639440@N02,2,2,1.0,0,TOURIST
186145661@N05,1,1,1.0,0,TOURIST
186342141@N05,12,12,1.0,22,TOURIST
187369351@N07,1,1,1.0,0,TOURIST
188717768@N07,1,1,1.0,0,TOURIST
189018942@N07,9,9,1.0,0,TOURIST
190173716@N05,2,2,1.0,1,TOURIST
190199605@N08,6,6,1.0,2939,RESIDENT
190829865@N08,1,1,1.0,0,TOURIST
19114667@N00,5,5,1.0,21,TOURIST
19142852@N06,1,1,1.0,0,TOURIST
191874585@N08,1,1,1.0,0,TOURIST
192137726@N07,33,33,1.0,469,RESIDENT
192382293@N05,43,43,1.0,1365,RESIDENT
192668333@N07,4,4,1.0,0,TOURIST
192732237@N03,10,10,1.0,1,TOURIST
193019155@N02,17,17,1.0,759,RESIDENT
193661854@N07,1,1,1.0,0,TOURIST
193778316@N03,1,1,1.0,0,TOURIST
194295799@N02,9,9,1.0,1,TOURIST
194409521@N04,1,1,1.0,0,TOURIST
194491293@N03,2,2,1.0,0,TOURIST
19453790@N00,2,2,1.0,0,TOURIST
194539507@N08,1,1,1.0,0,TOURIST
194754611@N03,1,1,1.0,0,TOURIST
194968983@N04,3,3,1.0,0,TOURIST
195160676@N03,4,4,1.0,0,TOURIST
195211827@N06,1,1,1.0,0,TOURIST
195275702@N03,2,2,1.0,0,TOURIST
19527814@N06,2,2,1.0,0,TOURIST
195326225@N08,3,3,1.0,0,TOURIST
196020016@N08,1,1,1.0,0,TOURIST
197185894@N05,3,3,1.0,0,TOURIST
197243656@N08,164,164,1.0,0,TOURIST
197246199@N05,2,2,1.0,0,TOURIST
198311535@N06,35,35,1.0,6,TOURIST
198578424@N06,2,2,1.0,0,TOURIST
198697200@N06,13,13,1.0,14,TOURIST
199311475@N07,4,4,1.0,0,TOURIST
199406402@N05,5,5,1.0,0,TOURIST
199599572@N06,2,2,1.0,4966,RESIDENT
199712577@N03,9,9,1.0,1,TOURIST
19994691@N00,1,1,1.0,0,TOURIST
200347583@N04,3,3,1.0,0,TOURIST
200541138@N02,3,3,1.0,52,TOURIST
20127130@N02,1,1,1.0,0,TOURIST
201303473@N03,1,1,1.0,0,TOURIST
201367409@N07,1,1,1.0,0,TOURIST
201795728@N06,1,1,1.0,0,TOURIST
20199837@N00,1,1,1.0,0,TOURIST
202560027@N04,1,1,1.0,0,TOURIST
202615349@N04,1,1,1.0,0,TOURIST
202735273@N07,2,2,1.0,0,TOURIST
202988504@N03,2,2,1.0,0,TOURIST
203252706@N05,1,1,1.0,0,TOURIST
203351417@N03,6,6,1.0,0,TOURIST
20423934@N08,1,1,1.0,0,TOURIST
20564446@N00,11,11,1.0,1087,RESIDENT
20596166@N00,23,23,1.0,3,TOURIST
20821468@N00,2,2,1.0,0,TOURIST
20958381@N08,1,1,1.0,0,TOURIST
20962557@N07,6,6,1.0,0,TOURIST
20990567@N06,4,4,1.0,0,TOURIST
21013862@N08,4,4,1.0,0,TOURIST
21044097@N00,16,16,1.0,1,TOURIST
21139028@N07,2,2,1.0,0,TOURIST
21228841@N02,1,1,1.0,0,TOURIST
21249084@N04,1,1,1.0,0,TOURIST
21373331@N00,1,1,1.0,0,TOURIST
21438312@N06,4,4,1.0,0,TOURIST
21452646@N07,1,1,1.0,0,TOURIST
21637807@N07,5,5,1.0,0,TOURIST
21642198@N06,3,3,1.0,0,TOURIST
21655897@N07,5,5,1.0,0,TOURIST
21684501@N00,5,5,1.0,0,TOURIST
21707754@N02,3,3,1.0,93,RESIDENT
21769883@N05,26,26,1.0,575,RESIDENT
21789669@N00,1,1,1.0,0,TOURIST
21801897@N04,1,1,1.0,0,TOURIST
21817927@N02,1,1,1.0,0,TOURIST
21959875@N06,3,3,1.0,0,TOURIST
22017189@N00,1,1,1.0,0,TOURIST
22036597@N03,2,2,1.0,0,TOURIST
22152932@N08,1,1,1.0,0,TOURIST
22279078@N02,1,1,1.0,0,TOURIST
22314539@N05,3,3,1.0,0,TOURIST
22396490@N08,3,3,1.0,0,TOURIST
22446827@N02,7,7,1.0,1,TOURIST
22465386@N05,61,61,1.0,0,TOURIST
22467415@N00,19,19,1.0,1,TOURIST
22496932@N07,1,1,1.0,0,TOURIST
22563396@N03,13,13,1.0,0,TOURIST
22572253@N08,1,1,1.0,0,TOURIST
22576765@N02,3,3,1.0,0,TOURIST
22585156@N00,3,3,1.0,0,TOURIST
22626071@N03,1,1,1.0,0,TOURIST
22638088@N04,9,9,1.0,1316,RESIDENT
22662305@N04,83,83,1.0,2,TOURIST
22666220@N00,3,3,1.0,0,TOURIST
22829128@N08,12,12,1.0,7,TOURIST
22837072@N00,1,1,1.0,0,TOURIST
22841923@N02,6,6,1.0,118,RESIDENT
22878861@N06,25,25,1.0,356,RESIDENT
22942399@N06,2,2,1.0,0,TOURIST
22983507@N07,18,18,1.0,0,TOURIST
23097900@N02,51,51,1.0,0,TOURIST
23136508@N00,2,2,1.0,0,TOURIST
23175156@N00,2,2,1.0,0,TOURIST
23236447@N05,5,5,1.0,1,TOURIST
23237158@N05,8,8,1.0,0,TOURIST
23355426@N00,31,31,1.0,0,TOURIST
23394424@N03,3,3,1.0,0,TOURIST
23401669@N00,1,1,1.0,0,TOURIST
23471159@N06,11,11,1.0,67,TOURIST
23478935@N02,1,1,1.0,0,TOURIST
23555498@N00,7,7,1.0,1,TOURIST
23574881@N06,2,2,1.0,0,TOURIST
23577146@N03,1,1,1.0,0,TOURIST
23586209@N03,26,26,1.0,1887,RESIDENT
23607545@N00,1,1,1.0,0,TOURIST
23748404@N00,80,80,1.0,9,TOURIST
23804856@N04,1,1,1.0,0,TOURIST
23804952@N00,3,3,1.0,0,TOURIST
23808252@N00,37,37,1.0,362,RESIDENT
23893268@N00,1,1,1.0,0,TOURIST
23911045@N08,1,1,1.0,0,TOURIST
23954783@N00,1,1,1.0,0,TOURIST
24076444@N03,1,1,1.0,0,TOURIST
24077877@N04,2,2,1.0,0,TOURIST
24124650@N03,17,17,1.0,0,TOURIST
24152346@N00,3,3,1.0,1,TOURIST
24167872@N06,3,3,1.0,0,TOURIST
24196199@N00,8,8,1.0,1538,RESIDENT
24347639@N03,12,12,1.0,1,TOURIST
24380554@N05,66,66,1.0,0,TOURIST
24419989@N07,1,1,1.0,0,TOURIST
24458823@N02,3,3,1.0,0,TOURIST
24494149@N02,1,1,1.0,0,TOURIST
24549706@N05,2,2,1.0,0,TOURIST
24554942@N04,1,1,1.0,0,TOURIST
24562818@N02,1,1,1.0,0,TOURIST
24681010@N02,14,14,1.0,3204,RESIDENT
24685174@N07,1,1,1.0,0,TOURIST
24753640@N08,1,1,1.0,0,TOURIST
24827927@N03,3,3,1.0,0,TOURIST
24833875@N03,2,2,1.0,0,TOURIST
24896923@N07,1,1,1.0,0,TOURIST
24910458@N07,3,3,1.0,117,RESIDENT
24993251@N08,17,17,1.0,2,TOURIST
25003211@N06,9,9,1.0,0,TOURIST
25003831@N03,1,1,1.0,0,TOURIST
25047210@N00,1,1,1.0,0,TOURIST
25113025@N08,3,3,1.0,0,TOURIST
25149771@N08,2,2,1.0,0,TOURIST
25191470@N03,3,3,1.0,0,TOURIST
25228835@N02,2,2,1.0,0,TOURIST
25267104@N00,1,1,1.0,0,TOURIST
25335282@N04,5,5,1.0,105,RESIDENT
25402851@N04,1,1,1.0,0,TOURIST
25473946@N08,2,2,1.0,0,TOURIST
25507134@N00,1,1,1.0,0,TOURIST
25509772@N00,2,2,1.0,1,TOURIST
25538034@N04,2,2,1.0,1,TOURIST
25578207@N03,3,3,1.0,0,TOURIST
25593701@N00,1,1,1.0,0,TOURIST
25739991@N00,10,10,1.0,0,TOURIST
25767209@N02,17,17,1.0,3549,RESIDENT
25792423@N00,10,10,1.0,0,TOURIST
25802474@N04,1,1,1.0,0,TOURIST
25819827@N04,1,1,1.0,0,TOURIST
25837947@N05,1,1,1.0,0,TOURIST
25851571@N02,1,1,1.0,0,TOURIST
25856401@N00,53,53,1.0,5,TOURIST
25906053@N02,3,3,1.0,0,TOURIST
25937668@N08,16,16,1.0,3849,RESIDENT
25994583@N06,4,4,1.0,2878,RESIDENT
26015164@N02,1,1,1.0,0,TOURIST
26057347@N04,14,14,1.0,0,TOURIST
26099052@N03,6,6,1.0,2,TOURIST
26100910@N02,2,2,1.0,0,TOURIST
26141927@N08,1,1,1.0,0,TOURIST
26213532@N05,5,5,1.0,0,TOURIST
26301977@N02,2,2,1.0,0,TOURIST
26331129@N06,2,2,1.0,0,TOURIST
26363812@N04,2,2,1.0,0,TOURIST
26457661@N00,2,2,1.0,0,TOURIST
26460822@N03,1,1,1.0,0,TOURIST
26532540@N00,1,1,1.0,0,TOURIST
26653963@N00,1,1,1.0,0,TOURIST
26656586@N05,1,1,1.0,0,TOURIST
26782864@N00,2,2,1.0,1,TOURIST
26792430@N00,28,28,1.0,2049,RESIDENT
26796301@N05,5,5,1.0,0,TOURIST
26829402@N03,2,2,1.0,0,TOURIST
26905080@N06,1,1,1.0,0,TOURIST
26929491@N05,1,1,1.0,0,TOURIST
27032221@N00,3,3,1.0,0,TOURIST
27116010@N00,1,1,1.0,0,TOURIST
27165979@N00,1,1,1.0,0,TOURIST
27174440@N05,1,1,1.0,0,TOURIST
27260919@N07,1,1,1.0,0,TOURIST
27280854@N03,4,4,1.0,0,TOURIST
27283274@N00,1,1,1.0,0,TOURIST
27302727@N03,1,1,1.0,0,TOURIST
27315150@N08,10,10,1.0,0,TOURIST
27342758@N06,7,7,1.0,23,TOURIST
27351650@N05,1,1,1.0,0,TOURIST
27365671@N00,3,3,1.0,0,TOURIST
27396057@N03,3,3,1.0,0,TOURIST
27429715@N00,1,1,1.0,0,TOURIST
27482980@N02,45,45,1.0,1,TOURIST
27621018@N08,2,2,1.0,2,TOURIST
27728955@N04,5,5,1.0,193,RESIDENT
27810107@N08,1,1,1.0,0,TOURIST
27814657@N06,2,2,1.0,0,TOURIST
27859792@N07,1,1,1.0,0,TOURIST
27964309@N06,8,8,1.0,3288,RESIDENT
28116451@N00,3,3,1.0,0,TOURIST
28126230@N00,2,2,1.0,0,TOURIST
28130097@N04,5,5,1.0,0,TOURIST
28161142@N06,1,1,1.0,0,TOURIST
28248068@N03,7,7,1.0,0,TOURIST
28286582@N03,1,1,1.0,0,TOURIST
28356709@N03,9,9,1.0,6,TOURIST
28369035@N05,1,1,1.0,0,TOURIST
28371289@N00,4,4,1.0,0,TOURIST
28402310@N06,22,22,1.0,1,TOURIST
28445605@N05,2,2,1.0,0,TOURIST
28473695@N00,1,1,1.0,0,TOURIST
28529833@N05,1,1,1.0,0,TOURIST
28536568@N00,1,1,1.0,0,TOURIST
28620733@N02,3,3,1.0,0,TOURIST
28632550@N05,1,1,1.0,0,TOURIST
28683534@N00,1,1,1.0,0,TOURIST
28689840@N02,4,4,1.0,0,TOURIST
28704898@N00,1,1,1.0,0,TOURIST
28747483@N02,4,4,1.0,0,TOURIST
28752247@N00,2,2,1.0,0,TOURIST
28754568@N02,46,46,1.0,1,TOURIST
28771961@N06,7,7,1.0,1402,RESIDENT
28791544@N04,1,1,1.0,0,TOURIST
28792233@N04,6,6,1.0,1,TOURIST
28828272@N06,4,4,1.0,1,TOURIST
28992076@N08,1,1,1.0,0,TOURIST
29007159@N02,8,8,1.0,755,RESIDENT
29018404@N07,2,2,1.0,0,TOURIST
29025657@N07,3,3,1.0,1000,RESIDENT
29099219@N08,2,2,1.0,0,TOURIST
29150263@N07,1,1,1.0,0,TOURIST
29172291@N00,1,1,1.0,0,TOURIST
29235510@N03,2,2,1.0,1,TOURIST
29259083@N05,8,8,1.0,1,TOURIST
29315557@N07,1,1,1.0,0,TOURIST
29370225@N03,33,33,1.0,4382,RESIDENT
29417264@N00,2,2,1.0,0,TOURIST
29448872@N00,3,3,1.0,15,TOURIST
29457234@N03,9,9,1.0,0,TOURIST
29544031@N02,4,4,1.0,534,RESIDENT
29569468@N04,29,29,1.0,2,TOURIST
29576390@N04,1,1,1.0,0,TOURIST
29580779@N04,27,27,1.0,2242,RESIDENT
29597780@N06,1,1,1.0,0,TOURIST
29673811@N08,7,7,1.0,0,TOURIST
29757630@N00,3,3,1.0,0,TOURIST
29760208@N05,3,3,1.0,0,TOURIST
29781511@N05,3,3,1.0,0,TOURIST
29795849@N00,4,4,1.0,138,RESIDENT
29814274@N04,2,2,1.0,0,TOURIST
29835059@N00,1,1,1.0,0,TOURIST
29847315@N00,1,1,1.0,0,TOURIST
29858426@N03,20,20,1.0,1927,RESIDENT
29868137@N05,5,5,1.0,0,TOURIST
29904909@N05,1,1,1.0,0,TOURIST
30004891@N00,181,181,1.0,2615,RESIDENT
30005186@N02,1,1,1.0,0,TOURIST
30032196@N04,6,6,1.0,0,TOURIST
30088704@N07,31,31,1.0,2,TOURIST
30113484@N07,2,2,1.0,0,TOURIST
30178831@N02,1,1,1.0,0,TOURIST
30249871@N04,2,2,1.0,0,TOURIST
30324371@N07,2,2,1.0,4,TOURIST
30334572@N08,1,1,1.0,0,TOURIST
30365792@N00,4,4,1.0,0,TOURIST
30443610@N06,7,7,1.0,1762,RESIDENT
30511496@N00,15,15,1.0,5,TOURIST
30512104@N07,5,5,1.0,1,TOURIST
30571787@N00,3,3,1.0,314,RESIDENT
30605144@N00,1,1,1.0,0,TOURIST
30660497@N02,5,5,1.0,0,TOURIST
30663218@N08,1,1,1.0,0,TOURIST
30668772@N02,13,13,1.0,0,TOURIST
30671962@N05,1,1,1.0,0,TOURIST
30725868@N07,5,5,1.0,0,TOURIST
30738927@N06,121,121,1.0,1857,RESIDENT
30766403@N02,1,1,1.0,0,TOURIST
30794760@N07,1,1,1.0,0,TOURIST
30812694@N03,1,1,1.0,0,TOURIST
30891516@N08,56,56,1.0,1,TOURIST
31055085@N03,2,2,1.0,1,TOURIST
31068574@N05,57,57,1.0,0,TOURIST
31143451@N08,9,9,1.0,0,TOURIST
31150609@N05,3,3,1.0,0,TOURIST
31155442@N03,3,3,1.0,1,TOURIST
31241951@N05,2,2,1.0,0,TOURIST
31253157@N07,14,14,1.0,365,RESIDENT
31267382@N07,1,1,1.0,0,TOURIST
31288879@N00,1,1,1.0,0,TOURIST
31302833@N04,4,4,1.0,19,TOURIST
31352659@N06,13,13,1.0,1201,RESIDENT
31412313@N07,5,5,1.0,0,TOURIST
31511754@N00,4,4,1.0,0,TOURIST
31526369@N00,2,2,1.0,0,TOURIST
31599766@N06,1,1,1.0,0,TOURIST
31638810@N00,3,3,1.0,0,TOURIST
31683446@N02,8,8,1.0,9,TOURIST
31696265@N04,2,2,1.0,0,TOURIST
31723282@N06,26,26,1.0,0,TOURIST
31729424@N00,2,2,1.0,0,TOURIST
31735567@N08,1,1,1.0,0,TOURIST
31832047@N06,4,4,1.0,0,TOURIST
31877998@N03,22,22,1.0,10,TOURIST
31937884@N05,2,2,1.0,0,TOURIST
32149255@N04,5,5,1.0,0,TOURIST
32170816@N03,2,2,1.0,0,TOURIST
32191466@N07,1,1,1.0,0,TOURIST
32198418@N08,6,6,1.0,0,TOURIST
32267947@N06,17,17,1.0,0,TOURIST
32286290@N03,1,1,1.0,0,TOURIST
32329639@N00,1,1,1.0,0,TOURIST
32392079@N03,3,3,1.0,0,TOURIST
32514348@N00,1,1,1.0,0,TOURIST
32515924@N03,1,1,1.0,0,TOURIST
32563803@N00,1,1,1.0,0,TOURIST
32565486@N00,2,2,1.0,0,TOURIST
32584973@N03,1,1,1.0,0,TOURIST
32603383@N02,1,1,1.0,0,TOURIST
32688801@N06,8,8,1.0,0,TOURIST
32710287@N05,8,8,1.0,0,TOURIST
32760034@N08,523,523,1.0,3743,RESIDENT
32793090@N00,124,124,1.0,17,TOURIST
32925268@N05,11,11,1.0,333,RESIDENT
32947943@N06,5,5,1.0,350,RESIDENT
32973207@N06,4,4,1.0,0,TOURIST
32980384@N05,10,10,1.0,0,TOURIST
32990395@N05,2,2,1.0,0,TOURIST
33017364@N06,4,4,1.0,0,TOURIST
33053845@N02,1,1,1.0,0,TOURIST
33057199@N03,48,48,1.0,0,TOURIST
33075663@N07,2,2,1.0,0,TOURIST
33132363@N06,2,2,1.0,0,TOURIST
33142493@N02,9,9,1.0,0,TOURIST
33150334@N02,3,3,1.0,0,TOURIST
33195821@N00,2,2,1.0,0,TOURIST
33211027@N05,5,5,1.0,906,RESIDENT
33246283@N00,4,4,1.0,0,TOURIST
33252899@N00,12,12,1.0,1590,RESIDENT
33295221@N04,3,3,1.0,0,TOURIST
33309608@N07,5,5,1.0,0,TOURIST
33493932@N00,6,6,1.0,20,TOURIST
33504042@N04,6,6,1.0,393,RESIDENT
33579264@N04,6,6,1.0,0,TOURIST
33606350@N05,107,107,1.0,322,RESIDENT
33614289@N02,1,1,1.0,0,TOURIST
33634811@N07,6,6,1.0,1,TOURIST
33751082@N06,1,1,1.0,0,TOURIST
33775116@N00,1,1,1.0,0,TOURIST
33830464@N04,139,139,1.0,9,TOURIST
33899822@N07,2,2,1.0,0,TOURIST
33973705@N07,9,9,1.0,732,RESIDENT
34047978@N08,2,2,1.0,0,TOURIST
34094112@N02,3,3,1.0,0,TOURIST
34096574@N06,55,55,1.0,4395,RESIDENT
34225514@N05,12,12,1.0,2,TOURIST
34346180@N00,1,1,1.0,0,TOURIST
34389581@N07,4,4,1.0,1847,RESIDENT
34396697@N00,10,10,1.0,1,TOURIST
34425083@N02,2,2,1.0,0,TOURIST
34427470616@N01,1,1,1.0,0,TOURIST
34482226@N06,1,1,1.0,0,TOURIST
34561662@N05,1,1,1.0,0,TOURIST
34572250@N00,5,5,1.0,3,TOURIST
34592799@N02,1,1,1.0,0,TOURIST
34603112@N00,1,1,1.0,0,TOURIST
34633653@N03,1,1,1.0,0,TOURIST
34640559@N08,1,1,1.0,0,TOURIST
34644705@N06,18,18,1.0,0,TOURIST
34663856@N04,2,2,1.0,0,TOURIST
34695134@N00,1,1,1.0,0,TOURIST
34850917@N04,1,1,1.0,0,TOURIST
34985763@N07,3,3,1.0,0,TOURIST
35103888@N00,2,2,1.0,0,TOURIST
35174585@N05,2,2,1.0,0,TOURIST
35183682@N00,3,3,1.0,2535,RESIDENT
35201330@N04,1,1,1.0,0,TOURIST
35232195@N06,40,40,1.0,4206,RESIDENT
35246517@N03,2,2,1.0,0,TOURIST
35271748@N00,8,8,1.0,0,TOURIST
35309686@N05,5,5,1.0,1,TOURIST
35311836@N07,4,4,1.0,0,TOURIST
35371525@N07,3,3,1.0,0,TOURIST
35380796@N03,4,4,1.0,0,TOURIST
35382636@N05,23,23,1.0,585,RESIDENT
35498711@N04,1,1,1.0,0,TOURIST
35629201@N00,3,3,1.0,0,TOURIST
35634552@N03,1,1,1.0,0,TOURIST
35663034@N06,1,1,1.0,0,TOURIST
35672950@N06,17,17,1.0,0,TOURIST
35686006@N03,3,3,1.0,0,TOURIST
35817781@N05,1,1,1.0,0,TOURIST
35817790@N04,3,3,1.0,960,RESIDENT
35830024@N08,1,1,1.0,0,TOURIST
35857273@N08,8,8,1.0,0,TOURIST
35895492@N05,13,13,1.0,339,RESIDENT
35946983@N00,1,1,1.0,0,TOURIST
35992490@N03,16,16,1.0,0,TOURIST
35994624@N04,2,2,1.0,0,TOURIST
36006839@N07,3,3,1.0,0,TOURIST
36057655@N05,2,2,1.0,0,TOURIST
36072383@N08,2,2,1.0,0,TOURIST
36128990@N02,1,1,1.0,0,TOURIST
36209700@N02,27,27,1.0,0,TOURIST
36320080@N04,13,13,1.0,0,TOURIST
36326099@N05,1,1,1.0,0,TOURIST
36330825967@N01,1,1,1.0,0,TOURIST
36377049@N00,2,2,1.0,0,TOURIST
36416879@N02,10,10,1.0,2,TOURIST
36425438@N04,2,2,1.0,0,TOURIST
36438834@N03,1,1,1.0,0,TOURIST
36516246@N04,6,6,1.0,0,TOURIST
36557347@N00,67,67,1.0,0,TOURIST
36585129@N04,1,1,1.0,0,TOURIST
36585486@N07,8,8,1.0,0,TOURIST
36672122@N05,2,2,1.0,1096,RESIDENT
36721497@N04,2,2,1.0,0,TOURIST
36728969@N07,1,1,1.0,0,TOURIST
36736519@N04,3,3,1.0,0,TOURIST
36749444@N06,29,29,1.0,1,TOURIST
36778621@N06,12,12,1.0,1,TOURIST
36808637@N04,11,11,1.0,1,TOURIST
36866872@N08,8,8,1.0,0,TOURIST
36894632@N05,15,15,1.0,903,RESIDENT
36957368@N00,4,4,1.0,1,TOURIST
36989019@N08,3,3,1.0,0,TOURIST
37015855@N05,4,4,1.0,0,TOURIST
37023841@N00,2,2,1.0,0,TOURIST
37034261@N06,1,1,1.0,0,TOURIST
37137125@N07,5,5,1.0,0,TOURIST
37176070@N08,4,4,1.0,0,TOURIST
37211186@N00,11,11,1.0,3,TOURIST
37283154@N02,6,6,1.0,0,TOURIST
37353145@N05,2,2,1.0,612,RESIDENT
37364468@N00,4,4,1.0,0,TOURIST
37408767@N03,2,2,1.0,0,TOURIST
37417444@N07,1,1,1.0,0,TOURIST
37611396@N00,2,2,1.0,0,TOURIST
37620061@N02,3,3,1.0,497,RESIDENT
37629612@N03,1,1,1.0,0,TOURIST
37659956@N06,54,54,1.0,490,RESIDENT
37759772@N07,15,15,1.0,1,TOURIST
37781180@N00,2,2,1.0,0,TOURIST
37970472@N06,8,8,1.0,0,TOURIST
38245356@N05,1,1,1.0,0,TOURIST
38246540@N00,1,1,1.0,0,TOURIST
38253400@N00,4,4,1.0,0,TOURIST
38368392@N05,37,37,1.0,3,TOURIST
38537692@N05,4,4,1.0,0,TOURIST
38586646@N08,1,1,1.0,0,TOURIST
38588319@N07,7,7,1.0,0,TOURIST
38651045@N08,1,1,1.0,0,TOURIST
38662888@N08,1,1,1.0,0,TOURIST
38693925@N07,1,1,1.0,0,TOURIST
38713651@N06,1,1,1.0,0,TOURIST
38716757@N00,1,1,1.0,0,TOURIST
38782010@N00,1,1,1.0,0,TOURIST
38832602@N00,1,1,1.0,0,TOURIST
38897524@N06,2,2,1.0,0,TOURIST
38955621@N06,1,1,1.0,0,TOURIST
38980154@N08,3,3,1.0,0,TOURIST
39027316@N00,1,1,1.0,0,TOURIST
39035769@N02,1,1,1.0,0,TOURIST
39041248@N03,1,1,1.0,0,TOURIST
39052365@N02,1,1,1.0,0,TOURIST
39069710@N08,1,1,1.0,0,TOURIST
39136124@N00,9,9,1.0,0,TOURIST
39138831@N02,4,4,1.0,0,TOURIST
39151213@N08,218,218,1.0,963,RESIDENT
39206106@N05,3,3,1.0,0,TOURIST
39213037@N03,1,1,1.0,0,TOURIST
39256401@N00,13,13,1.0,4033,RESIDENT
39297918@N04,7,7,1.0,1,TOURIST
39415781@N06,6,6,1.0,0,TOURIST
39634060@N08,1,1,1.0,0,TOURIST
39685874@N00,6,6,1.0,5305,RESIDENT
39696476@N05,3,3,1.0,0,TOURIST
39728445@N00,1,1,1.0,0,TOURIST
39731978@N04,1,1,1.0,0,TOURIST
39814637@N08,8,8,1.0,319,RESIDENT
39828305@N07,6,6,1.0,3,TOURIST
39839593@N00,61,61,1.0,9,TOURIST
39916939@N06,2,2,1.0,0,TOURIST
39918442@N00,2,2,1.0,0,TOURIST
39927145@N05,2,2,1.0,0,TOURIST
40165750@N06,23,23,1.0,1,TOURIST
40271481@N00,2,2,1.0,184,RESIDENT
40425693@N00,3,3,1.0,0,TOURIST
40564282@N03,1,1,1.0,0,TOURIST
40568776@N00,2,2,1.0,0,TOURIST
40607208@N07,1,1,1.0,0,TOURIST
40641714@N07,3,3,1.0,0,TOURIST
40646519@N00,10,10,1.0,1,TOURIST
40685807@N08,2,2,1.0,0,TOURIST
40704852@N06,1,1,1.0,0,TOURIST
40705333@N07,1,1,1.0,0,TOURIST
40799961@N05,1,1,1.0,0,TOURIST
40860814@N05,1,1,1.0,0,TOURIST
40936732@N08,10,10,1.0,3,TOURIST
40941402@N06,1,1,1.0,0,TOURIST
40953925@N08,15,15,1.0,1,TOURIST
41005569@N08,56,56,1.0,3351,RESIDENT
41250522@N06,1,1,1.0,0,TOURIST
41322435@N00,6,6,1.0,1371,RESIDENT
41323159@N04,1,1,1.0,0,TOURIST
41463627@N05,5,5,1.0,0,TOURIST
41488901@N00,4,4,1.0,1,TOURIST
41535816@N04,5,5,1.0,0,TOURIST
41622708@N00,4,4,1.0,0,TOURIST
41633612@N07,2,2,1.0,0,TOURIST
41664993@N05,4,4,1.0,0,TOURIST
41701540@N02,114,114,1.0,3,TOURIST
41722301@N05,2,2,1.0,0,TOURIST
41755871@N06,1,1,1.0,0,TOURIST
41894169878@N01,1,1,1.0,0,TOURIST
41894177916@N01,1,1,1.0,0,TOURIST
41933221@N03,2,2,1.0,0,TOURIST
41953474@N05,1,1,1.0,0,TOURIST
42075732@N04,2,2,1.0,0,TOURIST
42076312@N06,1,1,1.0,0,TOURIST
42118699@N08,1,1,1.0,0,TOURIST
42126887@N00,3,3,1.0,0,TOURIST
42132461@N05,6,6,1.0,0,TOURIST
42205452@N06,1,1,1.0,0,TOURIST
42256789@N04,36,36,1.0,707,RESIDENT
42304105@N07,1,1,1.0,0,TOURIST
42306312@N08,2,2,1.0,0,TOURIST
42321374@N02,2,2,1.0,0,TOURIST
42416576@N03,17,17,1.0,2,TOURIST
42534216@N03,3,3,1.0,1,TOURIST
42539973@N00,5,5,1.0,2,TOURIST
42574877@N06,2,2,1.0,0,TOURIST
42579332@N02,4,4,1.0,0,TOURIST
42653453@N04,2,2,1.0,0,TOURIST
42659866@N02,26,26,1.0,0,TOURIST
42664180@N00,3,3,1.0,866,RESIDENT
42664201@N02,2,2,1.0,0,TOURIST
42738076@N07,3,3,1.0,0,TOURIST
42746605@N04,1,1,1.0,0,TOURIST
42765602@N05,1,1,1.0,0,TOURIST
42903611@N00,5,5,1.0,1148,RESIDENT
42936790@N05,9,9,1.0,2,TOURIST
42956303@N08,2,2,1.0,0,TOURIST
42957889@N05,2,2,1.0,0,TOURIST
42994655@N06,1,1,1.0,0,TOURIST
43056966@N07,13,13,1.0,4439,RESIDENT
43057940@N05,2,2,1.0,0,TOURIST
43058452@N07,1,1,1.0,0,TOURIST
43061974@N06,3,3,1.0,0,TOURIST
43154018@N06,5,5,1.0,2,TOURIST
43184676@N08,8,8,1.0,1,TOURIST
43238092@N07,4,4,1.0,0,TOURIST
43382866@N04,2,2,1.0,0,TOURIST
43403100@N04,1,1,1.0,0,TOURIST
43526665@N04,2,2,1.0,6,TOURIST
43581314@N08,3,3,1.0,2380,RESIDENT
43590692@N08,4,4,1.0,0,TOURIST
43604121@N00,10,10,1.0,0,TOURIST
43830692@N04,2,2,1.0,0,TOURIST
43896498@N03,10,10,1.0,0,TOURIST
43939471@N08,2,2,1.0,0,TOURIST
43982795@N03,1,1,1.0,0,TOURIST
44106584@N00,1,1,1.0,0,TOURIST
44124363356@N01,7,7,1.0,0,TOURIST
44124403839@N01,4,4,1.0,0,TOURIST
44124423673@N01,1,1,1.0,0,TOURIST
44124483712@N01,9,9,1.0,0,TOURIST
44124483743@N01,3,3,1.0,0,TOURIST
44208207@N00,1,1,1.0,0,TOURIST
44290624@N08,1,1,1.0,0,TOURIST
44312671@N03,2,2,1.0,0,TOURIST
44493439@N00,3,3,1.0,0,TOURIST
44496601@N03,2,2,1.0,0,TOURIST
44586749@N07,1,1,1.0,0,TOURIST
44649312@N00,2,2,1.0,0,TOURIST
44655616@N04,14,14,1.0,2,TOURIST
44678979@N02,2,2,1.0,0,TOURIST
44703800@N06,1,1,1.0,0,TOURIST
44726365@N00,2,2,1.0,0,TOURIST
44783592@N07,1,1,1.0,0,TOURIST
44793763@N06,2,2,1.0,0,TOURIST
44809855@N04,1,1,1.0,0,TOURIST
44884174@N08,6,6,1.0,3206,RESIDENT
44932968@N05,3,3,1.0,0,TOURIST
45076505@N06,2,2,1.0,0,TOURIST
45090765@N05,32,32,1.0,5,TOURIST
45236120@N06,1,1,1.0,0,TOURIST
45306685@N05,1,1,1.0,0,TOURIST
45443318@N06,1,1,1.0,0,TOURIST
45459399@N08,3,3,1.0,1516,RESIDENT
45493649@N00,2,2,1.0,0,TOURIST
45555721@N06,5,5,1.0,0,TOURIST
45685195@N04,1,1,1.0,0,TOURIST
45791975@N05,1,1,1.0,0,TOURIST
45898760@N05,1,1,1.0,0,TOURIST
45911728@N04,171,171,1.0,4346,RESIDENT
45923298@N00,4,4,1.0,0,TOURIST
45928922@N03,4,4,1.0,0,TOURIST
45975898@N02,4,4,1.0,0,TOURIST
46042146@N00,1,1,1.0,0,TOURIST
46091340@N07,1,1,1.0,0,TOURIST
46143221@N07,1,1,1.0,0,TOURIST
46150966@N03,2,2,1.0,0,TOURIST
46191841@N00,8,8,1.0,2637,RESIDENT
46222526@N05,3,3,1.0,2,TOURIST
46355338@N00,1,1,1.0,0,TOURIST
46489007@N06,1,1,1.0,0,TOURIST
46662898@N06,7,7,1.0,0,TOURIST
46665679@N03,1,1,1.0,0,TOURIST
46687906@N08,2,2,1.0,0,TOURIST
46700877@N08,7,7,1.0,388,RESIDENT
46810597@N02,23,23,1.0,1,TOURIST
46842884@N08,3,3,1.0,0,TOURIST
46888460@N00,2,2,1.0,0,TOURIST
46975498@N04,56,56,1.0,0,TOURIST
47042005@N02,3,3,1.0,0,TOURIST
47072881@N06,1,1,1.0,0,TOURIST
47173307@N00,7,7,1.0,2021,RESIDENT
47190878@N03,3,3,1.0,0,TOURIST
47246919@N00,3,3,1.0,0,TOURIST
47311741@N07,2,2,1.0,0,TOURIST
47335830@N07,4,4,1.0,1,TOURIST
47360640@N03,6,6,1.0,198,RESIDENT
47446040@N00,1,1,1.0,0,TOURIST
47495910@N05,3,3,1.0,0,TOURIST
47541282@N00,4,4,1.0,1,TOURIST
47565597@N03,7,7,1.0,0,TOURIST
47626306@N00,13,13,1.0,442,RESIDENT
47735313@N04,1,1,1.0,0,TOURIST
47797677@N06,13,13,1.0,0,TOURIST
47850575@N02,3,3,1.0,0,TOURIST
47939277@N05,15,15,1.0,1,TOURIST
47949918@N00,2,2,1.0,0,TOURIST
47956329@N07,4,4,1.0,0,TOURIST
47984293@N04,2,2,1.0,0,TOURIST
48086238@N06,6,6,1.0,0,TOURIST
48272961@N07,7,7,1.0,17,TOURIST
48289187@N00,1,1,1.0,0,TOURIST
48371403@N08,2,2,1.0,0,TOURIST
48408790@N00,2,2,1.0,0,TOURIST
48442973@N08,3,3,1.0,0,TOURIST
48543840@N04,9,9,1.0,8,TOURIST
48549022@N04,2,2,1.0,0,TOURIST
48566331@N06,2,2,1.0,0,TOURIST
48609061@N08,1,1,1.0,0,TOURIST
48627921@N05,25,25,1.0,1,TOURIST
48676770@N06,5,5,1.0,0,TOURIST
48777748@N00,1,1,1.0,0,TOURIST
48783556@N08,3,3,1.0,0,TOURIST
48834832@N07,1,1,1.0,0,TOURIST
48884967@N04,2,2,1.0,0,TOURIST
48894234@N07,1,1,1.0,0,TOURIST
48919176@N05,5,5,1.0,1091,RESIDENT
48957186@N06,4,4,1.0,1,TOURIST
48957749@N00,1,1,1.0,0,TOURIST
49009467@N07,4,4,1.0,3,TOURIST
49010047@N06,5,5,1.0,1,TOURIST
49053145@N00,1,1,1.0,0,TOURIST
49111993@N00,3,3,1.0,0,TOURIST
49159245@N07,3,3,1.0,0,TOURIST
49198643@N00,2,2,1.0,0,TOURIST
49430646@N03,1,1,1.0,0,TOURIST
49433644@N00,5,5,1.0,0,TOURIST
49550796@N08,2,2,1.0,0,TOURIST
49664826@N08,10,10,1.0,727,RESIDENT
49685464@N08,8,8,1.0,0,TOURIST
49704068@N07,4,4,1.0,0,TOURIST
49771033@N00,1,1,1.0,0,TOURIST
49908474@N00,5,5,1.0,0,TOURIST
50012567@N00,3,3,1.0,0,TOURIST
50081844@N04,1,1,1.0,0,TOURIST
50133770@N06,19,19,1.0,1608,RESIDENT
50147158@N02,5,5,1.0,411,RESIDENT
50155751@N08,6,6,1.0,0,TOURIST
50208741@N00,5,5,1.0,17,TOURIST
50224162@N06,1,1,1.0,0,TOURIST
50267281@N07,9,9,1.0,0,TOURIST
50306980@N03,3,3,1.0,0,TOURIST
50378660@N00,2,2,1.0,0,TOURIST
50384120@N00,1,1,1.0,0,TOURIST
50417570@N06,1,1,1.0,0,TOURIST
50481815@N08,1,1,1.0,0,TOURIST
50573990@N02,2,2,1.0,0,TOURIST
50617818@N00,1,1,1.0,0,TOURIST
50694084@N02,5,5,1.0,0,TOURIST
50724945@N04,1,1,1.0,0,TOURIST
50746237@N05,3,3,1.0,0,TOURIST
50808097@N05,1,1,1.0,0,TOURIST
50879678@N03,6,6,1.0,0,TOURIST
50949097@N00,14,14,1.0,2,TOURIST
50968679@N08,1,1,1.0,0,TOURIST
50968842@N04,1,1,1.0,0,TOURIST
50976560@N07,1,1,1.0,0,TOURIST
50994135@N00,1,1,1.0,0,TOURIST
51035756584@N01,1,1,1.0,0,TOURIST
51038094@N04,1,1,1.0,0,TOURIST
51055376@N07,4,4,1.0,0,TOURIST
51150449@N07,2,2,1.0,0,TOURIST
51171536@N06,1,1,1.0,0,TOURIST
51195643@N07,2,2,1.0,0,TOURIST
51240706@N07,6,6,1.0,1,TOURIST
51317088@N00,3,3,1.0,0,TOURIST
51324209@N06,1,1,1.0,0,TOURIST
51389773@N00,1,1,1.0,0,TOURIST
51485383@N02,1,1,1.0,0,TOURIST
51557195@N00,1,1,1.0,0,TOURIST
51637252@N00,8,8,1.0,0,TOURIST
51707647@N05,106,106,1.0,1,TOURIST
51865294@N00,4,4,1.0,0,TOURIST
51903861@N00,1,1,1.0,0,TOURIST
52064266@N07,11,11,1.0,8,TOURIST
52090508@N04,1,1,1.0,0,TOURIST
52119464@N07,1,1,1.0,0,TOURIST
52276266@N07,13,13,1.0,2,TOURIST
52312230@N04,1,1,1.0,0,TOURIST
52382736@N00,13,13,1.0,1498,RESIDENT
52432970@N07,9,9,1.0,29,TOURIST
52487180@N00,4,4,1.0,0,TOURIST
52559257@N02,16,16,1.0,1,TOURIST
52570859@N02,51,51,1.0,4301,RESIDENT
52609214@N05,6,6,1.0,0,TOURIST
52631484@N05,9,9,1.0,440,RESIDENT
52672056@N06,2,2,1.0,1,TOURIST
52673863@N06,1,1,1.0,0,TOURIST
52735661@N00,109,109,1.0,4,TOURIST
52901568@N08,2,2,1.0,0,TOURIST
52946533@N04,2,2,1.0,0,TOURIST
52971398@N00,21,21,1.0,0,TOURIST
53002345@N02,7,7,1.0,0,TOURIST
53003207@N06,3,3,1.0,0,TOURIST
53087819@N00,2,2,1.0,0,TOURIST
53111325@N07,2,2,1.0,0,TOURIST
53196512@N07,2,2,1.0,0,TOURIST
53310215@N03,2,2,1.0,0,TOURIST
53358031@N06,4,4,1.0,0,TOURIST
53405320@N00,1,1,1.0,0,TOURIST
53425100@N04,3,3,1.0,2,TOURIST
53469129@N04,1,1,1.0,0,TOURIST
53478627@N02,4,4,1.0,0,TOURIST
53482656@N00,8,8,1.0,5,TOURIST
53488434@N03,109,109,1.0,1,TOURIST
53536543@N06,1,1,1.0,0,TOURIST
53563237@N08,4,4,1.0,0,TOURIST
53564129@N04,2,2,1.0,0,TOURIST
53597641@N00,1,1,1.0,0,TOURIST
53690113@N05,3,3,1.0,0,TOURIST
53696143@N04,3,3,1.0,0,TOURIST
53699812@N00,11,11,1.0,1092,RESIDENT
53721792@N07,2,2,1.0,0,TOURIST
53766340@N03,3,3,1.0,0,TOURIST
53781067@N07,1,1,1.0,0,TOURIST
53789403@N00,1,1,1.0,0,TOURIST
53914918@N05,1,1,1.0,0,TOURIST
53997105@N00,1,1,1.0,0,TOURIST
54012008@N03,1,1,1.0,0,TOURIST
54024589@N03,4,4,1.0,0,TOURIST
54046108@N00,2,2,1.0,0,TOURIST
54081800@N07,3,3,1.0,0,TOURIST
54131253@N08,5,5,1.0,0,TOURIST
54176263@N05,1,1,1.0,0,TOURIST
54176410@N00,3,3,1.0,0,TOURIST
54224245@N04,1,1,1.0,0,TOURIST
54254274@N02,1,1,1.0,0,TOURIST
54338191@N03,2,2,1.0,1,TOURIST
54339627@N06,1,1,1.0,0,TOURIST
54466564@N07,26,26,1.0,0,TOURIST
54477570@N05,1,1,1.0,0,TOURIST
54491498@N00,6,6,1.0,3,TOURIST
54508523@N04,2,2,1.0,0,TOURIST
54547184@N00,10,10,1.0,0,TOURIST
54566918@N00,5,5,1.0,1,TOURIST
54573174@N08,3,3,1.0,0,TOURIST
54643726@N03,5,5,1.0,0,TOURIST
54745011@N03,1,1,1.0,0,TOURIST
54770037@N08,1,1,1.0,0,TOURIST
54796359@N00,8,8,1.0,0,TOURIST
54945580@N04,230,230,1.0,0,TOURIST
54965006@N05,15,15,1.0,0,TOURIST
55099993@N00,3,3,1.0,0,TOURIST
55216441@N08,2,2,1.0,0,TOURIST
55220073@N03,2,2,1.0,0,TOURIST
55227876@N00,1,1,1.0,0,TOURIST
55293868@N08,2,2,1.0,1,TOURIST
55301650@N06,1,1,1.0,0,TOURIST
55376424@N02,1,1,1.0,0,TOURIST
55391611@N00,2,2,1.0,0,TOURIST
55425409@N00,1,1,1.0,0,TOURIST
55445650@N05,1,1,1.0,0,TOURIST
55493216@N04,6,6,1.0,0,TOURIST
55699398@N08,2,2,1.0,0,TOURIST
55757930@N08,2,2,1.0,0,TOURIST
55774756@N02,44,44,1.0,628,RESIDENT
55827319@N08,1,1,1.0,0,TOURIST
56003185@N03,1,1,1.0,0,TOURIST
56022513@N04,1,1,1.0,0,TOURIST
56065594@N05,1,1,1.0,0,TOURIST
56114672@N04,2,2,1.0,0,TOURIST
56154645@N06,2,2,1.0,0,TOURIST
56303230@N05,47,47,1.0,3,TOURIST
56334128@N07,36,36,1.0,604,RESIDENT
56369834@N00,1,1,1.0,0,TOURIST
56393389@N05,1,1,1.0,0,TOURIST
56424145@N05,4,4,1.0,0,TOURIST
56455999@N06,3,3,1.0,0,TOURIST
56481824@N04,2,2,1.0,0,TOURIST
56515697@N04,5,5,1.0,1,TOURIST
56529078@N04,18,18,1.0,2364,RESIDENT
56561799@N03,4,4,1.0,0,TOURIST
56624285@N03,1,1,1.0,0,TOURIST
56690322@N03,9,9,1.0,0,TOURIST
56813575@N05,1,1,1.0,0,TOURIST
56864336@N08,1,1,1.0,0,TOURIST
56894751@N04,16,16,1.0,241,RESIDENT
57101420@N02,20,20,1.0,1,TOURIST
57183692@N03,2,2,1.0,0,TOURIST
57242015@N04,1,1,1.0,0,TOURIST
57293365@N07,1,1,1.0,0,TOURIST
57316350@N00,2,2,1.0,0,TOURIST
57349111@N08,2,2,1.0,0,TOURIST
57445335@N00,1,1,1.0,0,TOURIST
57453294@N00,3,3,1.0,0,TOURIST
57479300@N02,3,3,1.0,0,TOURIST
57553591@N08,1,1,1.0,0,TOURIST
57673765@N00,8,8,1.0,1035,RESIDENT
57683823@N07,1,1,1.0,0,TOURIST
57795202@N02,2,2,1.0,0,TOURIST
57824319@N02,1,1,1.0,0,TOURIST
57894430@N00,1,1,1.0,0,TOURIST
57908537@N00,1,1,1.0,0,TOURIST
58045643@N03,1,1,1.0,0,TOURIST
58065760@N07,2,2,1.0,0,TOURIST
58277065@N08,8,8,1.0,1,TOURIST
58302975@N02,15,15,1.0,83,TOURIST
58308203@N07,28,28,1.0,2272,RESIDENT
58432659@N03,3,3,1.0,0,TOURIST
58462601@N00,5,5,1.0,0,TOURIST
58530379@N02,4,4,1.0,0,TOURIST
58673443@N03,1,1,1.0,0,TOURIST
58703524@N00,10,10,1.0,0,TOURIST
58755999@N05,14,14,1.0,0,TOURIST
58796820@N04,2,2,1.0,0,TOURIST
58847482@N03,5,5,1.0,0,TOURIST
58879719@N08,1,1,1.0,0,TOURIST
58886831@N03,9,9,1.0,627,RESIDENT
58922703@N00,2,2,1.0,0,TOURIST
58929717@N00,1,1,1.0,0,TOURIST
58978835@N00,3,3,1.0,0,TOURIST
58998728@N06,6,6,1.0,0,TOURIST
59024707@N08,2,2,1.0,0,TOURIST
59051817@N02,2,2,1.0,0,TOURIST
59114488@N00,4,4,1.0,282,RESIDENT
59118230@N07,12,12,1.0,310,RESIDENT
59187261@N07,12,12,1.0,5,TOURIST
59238173@N07,1,1,1.0,0,TOURIST
59324889@N02,2,2,1.0,0,TOURIST
59440791@N04,2,2,1.0,0,TOURIST
59485247@N00,5,5,1.0,0,TOURIST
59513859@N00,2,2,1.0,1,TOURIST
59519146@N04,17,17,1.0,0,TOURIST
59599685@N02,1,1,1.0,0,TOURIST
59753344@N05,8,8,1.0,4,TOURIST
59764946@N04,1,1,1.0,0,TOURIST
59770588@N04,1,1,1.0,0,TOURIST
59787340@N00,4,4,1.0,0,TOURIST
59805877@N03,1,1,1.0,0,TOURIST
59816658@N00,1,1,1.0,0,TOURIST
59825755@N04,3,3,1.0,105,RESIDENT
59918083@N03,7,7,1.0,1,TOURIST
60086325@N03,2,2,1.0,0,TOURIST
60091391@N00,8,8,1.0,2,TOURIST
60099286@N00,10,10,1.0,0,TOURIST
60125484@N00,5,5,1.0,0,TOURIST
60199917@N02,3,3,1.0,0,TOURIST
60224961@N00,2,2,1.0,0,TOURIST
60298827@N00,7,7,1.0,828,RESIDENT
60342453@N06,7,7,1.0,1,TOURIST
60368684@N00,2,2,1.0,0,TOURIST
60440413@N05,2,2,1.0,0,TOURIST
60497621@N02,1,1,1.0,0,TOURIST
60525476@N00,1,1,1.0,0,TOURIST
60651080@N00,1,1,1.0,0,TOURIST
60663450@N02,2,2,1.0,0,TOURIST
60700280@N04,2,2,1.0,0,TOURIST
60768400@N04,11,11,1.0,493,RESIDENT
60797534@N06,2,2,1.0,0,TOURIST
60881169@N00,1,1,1.0,0,TOURIST
60975910@N07,4,4,1.0,2,TOURIST
60994074@N07,1,1,1.0,0,TOURIST
61023200@N02,4,4,1.0,0,TOURIST
61033692@N00,4,4,1.0,0,TOURIST
61102618@N08,2,2,1.0,0,TOURIST
61112271@N00,15,15,1.0,737,RESIDENT
61195023@N07,1,1,1.0,0,TOURIST
61231533@N06,1,1,1.0,0,TOURIST
61273381@N00,3,3,1.0,526,RESIDENT
61369427@N06,1,1,1.0,0,TOURIST
61388384@N00,12,12,1.0,0,TOURIST
61435821@N02,1,1,1.0,0,TOURIST
61495861@N00,11,11,1.0,0,TOURIST
61500086@N03,2,2,1.0,0,TOURIST
61547903@N05,3,3,1.0,1609,RESIDENT
61553415@N08,2,2,1.0,403,RESIDENT
61579728@N05,37,37,1.0,1078,RESIDENT
61619191@N02,2,2,1.0,0,TOURIST
61624344@N03,2,2,1.0,0,TOURIST
61671918@N08,1,1,1.0,0,TOURIST
61716027@N02,2,2,1.0,0,TOURIST
61726887@N00,1,1,1.0,0,TOURIST
61740194@N06,9,9,1.0,0,TOURIST
61798879@N00,3,3,1.0,0,TOURIST
61990140@N04,3,3,1.0,0,TOURIST
62011393@N00,2,2,1.0,0,TOURIST
62026855@N00,6,6,1.0,1,TOURIST
62136697@N07,12,12,1.0,0,TOURIST
62173177@N03,3,3,1.0,0,TOURIST
62188089@N02,2,2,1.0,0,TOURIST
62315066@N07,3,3,1.0,0,TOURIST
62471466@N00,2,2,1.0,0,TOURIST
62501682@N00,35,35,1.0,2046,RESIDENT
62595633@N06,47,47,1.0,4792,RESIDENT
62679818@N07,5,5,1.0,0,TOURIST
62698951@N07,1,1,1.0,0,TOURIST
62929416@N00,3,3,1.0,0,TOURIST
63098437@N04,460,460,1.0,1448,RESIDENT
63118615@N02,4,4,1.0,0,TOURIST
63189690@N04,3,3,1.0,1,TOURIST
63270671@N03,14,14,1.0,2,TOURIST
63281384@N00,8,8,1.0,0,TOURIST
63348805@N03,31,31,1.0,1651,RESIDENT
63454593@N00,3,3,1.0,0,TOURIST
63591980@N02,2,2,1.0,0,TOURIST
63615149@N03,1,1,1.0,0,TOURIST
63691762@N04,4,4,1.0,540,RESIDENT
63716924@N07,1,1,1.0,0,TOURIST
63719290@N00,3,3,1.0,0,TOURIST
63724002@N00,1,1,1.0,0,TOURIST
63735335@N04,7,7,1.0,5,TOURIST
63814677@N07,1,1,1.0,0,TOURIST
63839496@N08,11,11,1.0,527,RESIDENT
63855934@N03,1,1,1.0,0,TOURIST
63894760@N00,1,1,1.0,0,TOURIST
63944585@N07,2,2,1.0,0,TOURIST
64110713@N05,8,8,1.0,2,TOURIST
64148082@N02,60,60,1.0,1064,RESIDENT
64211912@N04,10,10,1.0,0,TOURIST
64222010@N05,3,3,1.0,0,TOURIST
64233859@N06,3,3,1.0,0,TOURIST
64304536@N04,3,3,1.0,0,TOURIST
64487902@N02,1,1,1.0,0,TOURIST
64552256@N08,1,1,1.0,0,TOURIST
64587980@N02,2,2,1.0,0,TOURIST
64603426@N00,1,1,1.0,0,TOURIST
64615466@N02,2,2,1.0,0,TOURIST
64697815@N03,2,2,1.0,0,TOURIST
64764735@N06,5,5,1.0,0,TOURIST
64785656@N00,4,4,1.0,0,TOURIST
64891235@N00,8,8,1.0,869,RESIDENT
65059606@N02,2,2,1.0,0,TOURIST
65105086@N02,2,2,1.0,0,TOURIST
65225985@N07,4,4,1.0,0,TOURIST
65272288@N00,3,3,1.0,0,TOURIST
65316437@N00,1,1,1.0,0,TOURIST
65324811@N00,3,3,1.0,64,TOURIST
65442208@N02,1,1,1.0,0,TOURIST
65518523@N00,2,2,1.0,0,TOURIST
65644966@N04,3,3,1.0,0,TOURIST
65771283@N04,1,1,1.0,0,TOURIST
65789667@N06,1,1,1.0,0,TOURIST
65984184@N05,4,4,1.0,0,TOURIST
66049655@N04,1,1,1.0,0,TOURIST
66257166@N08,3,3,1.0,0,TOURIST
66360003@N07,38,38,1.0,2,TOURIST
66460484@N06,6,6,1.0,0,TOURIST
66576516@N00,2,2,1.0,0,TOURIST
66592691@N00,24,24,1.0,1,TOURIST
66619283@N00,1,1,1.0,0,TOURIST
66638897@N04,2,2,1.0,0,TOURIST
66750703@N03,1,1,1.0,0,TOURIST
66801399@N00,16,16,1.0,0,TOURIST
67046593@N04,4,4,1.0,0,TOURIST
67095412@N04,2,2,1.0,0,TOURIST
67132034@N03,1,1,1.0,0,TOURIST
67324570@N00,6,6,1.0,0,TOURIST
67340134@N03,1,1,1.0,0,TOURIST
67417055@N00,3,3,1.0,0,TOURIST
67484530@N00,3,3,1.0,0,TOURIST
67536021@N07,4,4,1.0,2,TOURIST
67646766@N07,1,1,1.0,0,TOURIST
67818811@N07,1,1,1.0,0,TOURIST
67942663@N04,3,3,1.0,0,TOURIST
67951023@N00,2,2,1.0,0,TOURIST
67995615@N03,2,2,1.0,0,TOURIST
68018236@N03,1,1,1.0,0,TOURIST
68098995@N08,3,3,1.0,0,TOURIST
68151423@N00,2,2,1.0,0,TOURIST
68204292@N00,7,7,1.0,0,TOURIST
68216750@N02,2,2,1.0,0,TOURIST
68264149@N08,1,1,1.0,0,TOURIST
68287114@N06,2,2,1.0,0,TOURIST
68474795@N00,108,108,1.0,0,TOURIST
68628703@N03,9,9,1.0,737,RESIDENT
68644522@N00,1,1,1.0,0,TOURIST
68687725@N02,1,1,1.0,0,TOURIST
68816413@N00,2,2,1.0,0,TOURIST
68862961@N08,2,2,1.0,0,TOURIST
68881523@N07,1,1,1.0,0,TOURIST
68928012@N00,9,9,1.0,0,TOURIST
69005254@N06,1,1,1.0,0,TOURIST
69184829@N08,38,38,1.0,3,TOURIST
69230345@N06,1,1,1.0,0,TOURIST
69378497@N00,1,1,1.0,0,TOURIST
69452295@N05,2,2,1.0,0,TOURIST
69574134@N00,19,19,1.0,2,TOURIST
69575187@N00,23,23,1.0,1,TOURIST
69635173@N00,6,6,1.0,0,TOURIST
69764221@N04,2,2,1.0,0,TOURIST
69818674@N00,3,3,1.0,0,TOURIST
69897783@N02,1,1,1.0,0,TOURIST
70033309@N02,3,3,1.0,0,TOURIST
70038540@N00,4,4,1.0,0,TOURIST
70105441@N07,1,1,1.0,0,TOURIST
70322581@N06,1,1,1.0,0,TOURIST
70399361@N06,5,5,1.0,57,TOURIST
70421659@N00,3,3,1.0,845,RESIDENT
70672483@N00,97,97,1.0,28,TOURIST
70911948@N04,3,3,1.0,0,TOURIST
70961014@N00,5,5,1.0,0,TOURIST
70985593@N00,11,11,1.0,1594,RESIDENT
71083651@N00,9,9,1.0,0,TOURIST
71088059@N00,1,1,1.0,0,TOURIST
71102063@N00,5,5,1.0,4,TOURIST
71139289@N00,6,6,1.0,5480,RESIDENT
7159769@N04,1,1,1.0,0,TOURIST
71654172@N00,8,8,1.0,0,TOURIST
7170162@N02,7,7,1.0,3277,RESIDENT
71709766@N00,1,1,1.0,0,TOURIST
71833513@N03,1,1,1.0,0,TOURIST
7183402@N03,1,1,1.0,0,TOURIST
7189827@N07,3,3,1.0,0,TOURIST
72011464@N04,2,2,1.0,0,TOURIST
72019972@N00,73,73,1.0,0,TOURIST
72022277@N06,2,2,1.0,406,RESIDENT
72036538@N00,1,1,1.0,0,TOURIST
72064726@N08,137,137,1.0,2563,RESIDENT
72161570@N00,2,2,1.0,1,TOURIST
72203909@N00,4,4,1.0,0,TOURIST
72219421@N00,1,1,1.0,0,TOURIST
72321295@N03,1,1,1.0,0,TOURIST
72356975@N00,2,2,1.0,8,TOURIST
7236867@N08,21,21,1.0,3,TOURIST
72616449@N06,2,2,1.0,0,TOURIST
7267977@N08,3,3,1.0,0,TOURIST
72694077@N07,2,2,1.0,0,TOURIST
7269585@N08,5,5,1.0,0,TOURIST
7272097@N08,9,9,1.0,2,TOURIST
72746018@N00,2,2,1.0,0,TOURIST
72869644@N08,26,26,1.0,0,TOURIST
72972228@N04,4,4,1.0,17,TOURIST
72977701@N05,1,1,1.0,0,TOURIST
73032383@N06,1,1,1.0,0,TOURIST
73044595@N00,1,1,1.0,0,TOURIST
73067443@N02,7,7,1.0,0,TOURIST
73155136@N00,1,1,1.0,0,TOURIST
7317295@N04,4,4,1.0,1,TOURIST
7318413@N04,2,2,1.0,0,TOURIST
73225243@N03,1,1,1.0,0,TOURIST
7356158@N07,2,2,1.0,0,TOURIST
7359335@N02,7,7,1.0,853,RESIDENT
73624981@N00,5,5,1.0,0,TOURIST
7363441@N07,42,42,1.0,2,TOURIST
73643799@N00,1,1,1.0,0,TOURIST
73658893@N00,2,2,1.0,95,RESIDENT
73668763@N00,1,1,1.0,0,TOURIST
73717075@N02,17,17,1.0,0,TOURIST
73731973@N02,2,2,1.0,0,TOURIST
73819696@N00,3,3,1.0,0,TOURIST
73843749@N00,1,1,1.0,0,TOURIST
73850513@N02,7,7,1.0,4,TOURIST
7390594@N08,1,1,1.0,0,TOURIST
73964242@N04,3,3,1.0,0,TOURIST
74004669@N03,1,1,1.0,0,TOURIST
74012092@N00,7,7,1.0,3008,RESIDENT
74024220@N00,2,2,1.0,0,TOURIST
74080603@N07,1,1,1.0,0,TOURIST
7416177@N04,2,2,1.0,0,TOURIST
74189093@N00,5,5,1.0,0,TOURIST
74286186@N00,2,2,1.0,2,TOURIST
74315404@N08,15,15,1.0,1068,RESIDENT
7438170@N06,4,4,1.0,0,TOURIST
7455207@N05,5,5,1.0,0,TOURIST
7466794@N04,4,4,1.0,0,TOURIST
7471916@N04,6,6,1.0,0,TOURIST
7479063@N06,4,4,1.0,0,TOURIST
7489542@N03,1,1,1.0,0,TOURIST
75172145@N02,1,1,1.0,0,TOURIST
75346021@N00,6,6,1.0,2251,RESIDENT
75363214@N00,1,1,1.0,0,TOURIST
75397038@N00,1,1,1.0,0,TOURIST
75454472@N02,2,2,1.0,0,TOURIST
75458645@N05,10,10,1.0,2,TOURIST
7546443@N06,11,11,1.0,852,RESIDENT
7547528@N04,1,1,1.0,0,TOURIST
75594530@N06,1,1,1.0,0,TOURIST
75638737@N04,11,11,1.0,2,TOURIST
75711873@N00,1,1,1.0,0,TOURIST
7594696@N07,2,2,1.0,1,TOURIST
7597120@N06,2,2,1.0,0,TOURIST
75992994@N05,1524,1524,1.0,2564,RESIDENT
76133598@N06,1,1,1.0,0,TOURIST
7623637@N05,1,1,1.0,0,TOURIST
76382367@N04,1,1,1.0,0,TOURIST
7648502@N02,8,8,1.0,5428,RESIDENT
7652975@N03,1,1,1.0,0,TOURIST
76551018@N00,89,89,1.0,1,TOURIST
76562640@N00,10,10,1.0,2,TOURIST
76629289@N06,2,2,1.0,0,TOURIST
76691719@N07,2,2,1.0,0,TOURIST
76706543@N02,3,3,1.0,0,TOURIST
76740876@N07,1,1,1.0,0,TOURIST
76752344@N03,2,2,1.0,0,TOURIST
7676405@N04,4,4,1.0,1,TOURIST
76848652@N04,2,2,1.0,0,TOURIST
76959317@N02,1,1,1.0,0,TOURIST
77004873@N03,3,3,1.0,0,TOURIST
77190961@N02,11,11,1.0,0,TOURIST
77202258@N07,1,1,1.0,0,TOURIST
7725714@N02,10,10,1.0,1,TOURIST
77321763@N00,6,6,1.0,4,TOURIST
77427186@N02,2,2,1.0,0,TOURIST
77456049@N00,1,1,1.0,0,TOURIST
7761867@N06,2,2,1.0,0,TOURIST
77622871@N00,1,1,1.0,0,TOURIST
77788903@N00,7,7,1.0,1,TOURIST
7779937@N06,18,18,1.0,2,TOURIST
77969956@N00,1,1,1.0,0,TOURIST
7798382@N03,2,2,1.0,0,TOURIST
78048829@N05,9,9,1.0,746,RESIDENT
7806017@N04,12,12,1.0,364,RESIDENT
78301590@N03,1,1,1.0,0,TOURIST
78323964@N05,2,2,1.0,0,TOURIST
7833077@N08,7,7,1.0,1799,RESIDENT
78364563@N00,2,2,1.0,0,TOURIST
7839660@N02,2,2,1.0,0,TOURIST
78403892@N07,1,1,1.0,0,TOURIST
78438914@N02,1,1,1.0,0,TOURIST
78471043@N04,1,1,1.0,0,TOURIST
78493502@N07,2,2,1.0,0,TOURIST
78571252@N07,1,1,1.0,0,TOURIST
7859200@N08,3,3,1.0,0,TOURIST
7860714@N08,1,1,1.0,0,TOURIST
7862062@N03,6,6,1.0,0,TOURIST
78807491@N00,2,2,1.0,0,TOURIST
78851396@N06,8,8,1.0,104,RESIDENT
78869416@N06,1,1,1.0,0,TOURIST
79000412@N04,1,1,1.0,0,TOURIST
79069619@N00,2,2,1.0,0,TOURIST
79151105@N06,3,3,1.0,0,TOURIST
79172173@N00,17,17,1.0,2,TOURIST
79172203@N00,2,2,1.0,0,TOURIST
79174937@N07,1,1,1.0,0,TOURIST
79192295@N00,4,4,1.0,0,TOURIST
79205490@N00,4,4,1.0,0,TOURIST
7926079@N03,10,10,1.0,2,TOURIST
79314964@N00,6,6,1.0,3,TOURIST
79412463@N07,1,1,1.0,0,TOURIST
7942080@N08,16,16,1.0,1,TOURIST
79478905@N04,8,8,1.0,2567,RESIDENT
79613572@N08,6,6,1.0,62,TOURIST
79649683@N05,2,2,1.0,0,TOURIST
7971174@N02,2,2,1.0,0,TOURIST
79715083@N00,15,15,1.0,1,TOURIST
7977981@N06,1,1,1.0,0,TOURIST
79786527@N00,1,1,1.0,0,TOURIST
7979599@N05,1,1,1.0,0,TOURIST
79824934@N08,6,6,1.0,0,TOURIST
79944605@N07,1,1,1.0,0,TOURIST
79986881@N00,1,1,1.0,0,TOURIST
80046198@N00,1,1,1.0,0,TOURIST
80227986@N00,2,2,1.0,1,TOURIST
80234356@N04,1,1,1.0,0,TOURIST
8031875@N05,1,1,1.0,0,TOURIST
80345530@N02,3,3,1.0,2,TOURIST
80384851@N00,3,3,1.0,2,TOURIST
80468618@N00,7,7,1.0,0,TOURIST
80512139@N00,1,1,1.0,0,TOURIST
8062852@N05,3,3,1.0,0,TOURIST
8070876@N06,1,1,1.0,0,TOURIST
80732613@N00,5,5,1.0,0,TOURIST
80832649@N00,3,3,1.0,0,TOURIST
8084580@N06,3,3,1.0,0,TOURIST
80915567@N08,1,1,1.0,0,TOURIST
80916031@N00,2,2,1.0,0,TOURIST
81035653@N00,25,25,1.0,753,RESIDENT
81063041@N04,5,5,1.0,0,TOURIST
81168954@N00,19,19,1.0,3,TOURIST
8121206@N07,19,19,1.0,1,TOURIST
81227497@N00,2,2,1.0,0,TOURIST
81227945@N00,2,2,1.0,0,TOURIST
81269484@N00,1,1,1.0,0,TOURIST
81366228@N00,21,21,1.0,1,TOURIST
81418487@N08,18,18,1.0,0,TOURIST
81529091@N04,2,2,1.0,0,TOURIST
8154573@N05,1,1,1.0,0,TOURIST
8165834@N05,1,1,1.0,0,TOURIST
8186950@N05,2,2,1.0,0,TOURIST
8190011@N03,1,1,1.0,0,TOURIST
82061478@N06,2,2,1.0,0,TOURIST
82126266@N00,2,2,1.0,0,TOURIST
82189279@N04,1,1,1.0,0,TOURIST
82289802@N00,3,3,1.0,0,TOURIST
8241636@N05,19,19,1.0,1,TOURIST
82443527@N00,1,1,1.0,0,TOURIST
82519125@N00,3,3,1.0,0,TOURIST
82651989@N00,2,2,1.0,0,TOURIST
82696327@N04,1,1,1.0,0,TOURIST
82749847@N00,2,2,1.0,0,TOURIST
8279869@N02,3,3,1.0,0,TOURIST
82828152@N00,5,5,1.0,3,TOURIST
82995349@N00,1,1,1.0,0,TOURIST
83122912@N02,16,16,1.0,0,TOURIST
83173254@N00,14,14,1.0,0,TOURIST
83173260@N00,6,6,1.0,2012,RESIDENT
8321055@N02,8,8,1.0,1833,RESIDENT
83233184@N00,3,3,1.0,0,TOURIST
83293103@N00,1,1,1.0,0,TOURIST
8337515@N08,11,11,1.0,1,TOURIST
83377834@N00,13,13,1.0,3676,RESIDENT
83405533@N00,3,3,1.0,0,TOURIST
8348059@N02,7,7,1.0,1,TOURIST
8350872@N08,11,11,1.0,1,TOURIST
83736792@N00,1,1,1.0,0,TOURIST
83792268@N03,2,2,1.0,0,TOURIST
84077682@N00,3,3,1.0,687,RESIDENT
8435962@N06,1,1,1.0,0,TOURIST
84521904@N05,1,1,1.0,0,TOURIST
84547398@N07,1,1,1.0,0,TOURIST
84814632@N00,2,2,1.0,0,TOURIST
8484743@N02,3,3,1.0,0,TOURIST
85065288@N00,3,3,1.0,0,TOURIST
85221802@N06,1,1,1.0,0,TOURIST
8523419@N08,4,4,1.0,0,TOURIST
85256056@N00,18,18,1.0,2,TOURIST
85318305@N00,6,6,1.0,0,TOURIST
8560735@N05,2,2,1.0,0,TOURIST
8572247@N03,1,1,1.0,0,TOURIST
85808847@N00,2,2,1.0,0,TOURIST
85813749@N00,7,7,1.0,5492,RESIDENT
85815194@N00,53,53,1.0,144,RESIDENT
85907303@N08,1,1,1.0,0,TOURIST
85976052@N00,1,1,1.0,0,TOURIST
8601483@N06,3,3,1.0,0,TOURIST
86056270@N06,2,2,1.0,0,TOURIST
8610055@N06,2,2,1.0,0,TOURIST
8615362@N07,39,39,1.0,2,TOURIST
86161591@N00,1,1,1.0,0,TOURIST
86334611@N00,2,2,1.0,0,TOURIST
8635067@N05,2,2,1.0,0,TOURIST
86413482@N05,5,5,1.0,65,TOURIST
8641765@N02,1,1,1.0,0,TOURIST
86424839@N08,1,1,1.0,0,TOURIST
8649974@N02,4,4,1.0,0,TOURIST
8655354@N05,1,1,1.0,0,TOURIST
8702040@N02,1,1,1.0,0,TOURIST
87069632@N00,8,8,1.0,1,TOURIST
87129348@N00,1,1,1.0,0,TOURIST
87391950@N05,6,6,1.0,0,TOURIST
87402959@N02,8,8,1.0,1170,RESIDENT
87481304@N03,4,4,1.0,0,TOURIST
87496841@N00,3,3,1.0,0,TOURIST
87629873@N03,16,16,1.0,0,TOURIST
87635169@N02,8,8,1.0,0,TOURIST
87690240@N03,6,6,1.0,0,TOURIST
8774906@N08,1,1,1.0,0,TOURIST
87754125@N00,2,2,1.0,0,TOURIST
87791108@N00,2,2,1.0,0,TOURIST
87807876@N00,7,7,1.0,1,TOURIST
87812463@N00,1,1,1.0,0,TOURIST
87842498@N05,1,1,1.0,0,TOURIST
8787914@N06,4,4,1.0,0,TOURIST
87879594@N06,3,3,1.0,0,TOURIST
87885687@N05,2,2,1.0,0,TOURIST
87907059@N07,3,3,1.0,0,TOURIST
87922801@N08,5,5,1.0,0,TOURIST
87933129@N00,1,1,1.0,0,TOURIST
88041187@N00,1,1,1.0,0,TOURIST
88082077@N06,37,37,1.0,0,TOURIST
88196436@N04,1,1,1.0,0,TOURIST
88310008@N03,2,2,1.0,0,TOURIST
88314750@N00,2,2,1.0,153,RESIDENT
88380809@N07,3,3,1.0,0,TOURIST
88475853@N00,16,16,1.0,2,TOURIST
88498814@N02,10,10,1.0,139,RESIDENT
8857720@N08,1,1,1.0,0,TOURIST
8861554@N02,1,1,1.0,0,TOURIST
8866365@N08,17,17,1.0,396,RESIDENT
8868875@N03,40,40,1.0,4,TOURIST
8870084@N07,2,2,1.0,0,TOURIST
88761860@N00,1,1,1.0,0,TOURIST
88793679@N06,1,1,1.0,0,TOURIST
88857551@N00,1,1,1.0,0,TOURIST
88876387@N00,1,1,1.0,0,TOURIST
89124212@N02,1,1,1.0,0,TOURIST
89138129@N00,2,2,1.0,0,TOURIST
8919472@N06,4,4,1.0,1,TOURIST
89259224@N04,2,2,1.0,0,TOURIST
89332446@N04,2,2,1.0,0,TOURIST
89388079@N07,1,1,1.0,0,TOURIST
89395148@N02,249,249,1.0,723,RESIDENT
89441939@N00,2,2,1.0,0,TOURIST
8945641@N02,13,13,1.0,2,TOURIST
89625791@N00,1,1,1.0,0,TOURIST
89642142@N04,3,3,1.0,0,TOURIST
8966743@N07,2,2,1.0,0,TOURIST
89691357@N05,14,14,1.0,0,TOURIST
8972664@N03,19,19,1.0,1437,RESIDENT
8975511@N07,70,70,1.0,2,TOURIST
89906206@N05,2,2,1.0,2,TOURIST
90056667@N02,1,1,1.0,0,TOURIST
90069595@N06,3,3,1.0,0,TOURIST
90134546@N00,17,17,1.0,1,TOURIST
90243031@N07,5,5,1.0,0,TOURIST
90468007@N00,2,2,1.0,0,TOURIST
90482288@N08,4,4,1.0,0,TOURIST
90517756@N07,6,6,1.0,0,TOURIST
90578102@N00,14,14,1.0,2553,RESIDENT
90617451@N02,3,3,1.0,0,TOURIST
90917806@N00,2,2,1.0,0,TOURIST
90984563@N00,1,1,1.0,0,TOURIST
91013478@N07,1,1,1.0,0,TOURIST
91128227@N04,6,6,1.0,2447,RESIDENT
91388535@N05,3,3,1.0,0,TOURIST
91463532@N02,10,10,1.0,1,TOURIST
91465134@N06,1,1,1.0,0,TOURIST
91468138@N04,7,7,1.0,1,TOURIST
91682141@N00,4,4,1.0,1,TOURIST
91794650@N02,3,3,1.0,0,TOURIST
91873150@N00,2,2,1.0,0,TOURIST
91887621@N04,1,1,1.0,0,TOURIST
92001323@N00,4,4,1.0,1,TOURIST
92092909@N00,1,1,1.0,0,TOURIST
92100705@N06,20,20,1.0,1,TOURIST
92148649@N00,1,1,1.0,0,TOURIST
92383778@N03,4,4,1.0,1,TOURIST
92501813@N06,1,1,1.0,0,TOURIST
92527397@N02,1,1,1.0,0,TOURIST
9258223@N05,29,29,1.0,19,TOURIST
92608537@N03,8,8,1.0,0,TOURIST
92686536@N00,17,17,1.0,1,TOURIST
92808268@N03,4,4,1.0,0,TOURIST
92871903@N00,2,2,1.0,0,TOURIST
92909698@N06,4,4,1.0,0,TOURIST
9296555@N08,1,1,1.0,0,TOURIST
9314305@N02,3,3,1.0,0,TOURIST
9316345@N06,4,4,1.0,0,TOURIST
93212669@N00,1,1,1.0,0,TOURIST
93332569@N00,3,3,1.0,0,TOURIST
93335630@N05,32,32,1.0,2534,RESIDENT
93508122@N06,7,7,1.0,3,TOURIST
93792353@N00,23,23,1.0,986,RESIDENT
93984873@N00,8,8,1.0,572,RESIDENT
94114564@N08,34,34,1.0,0,TOURIST
94244761@N06,1,1,1.0,0,TOURIST
94528575@N00,2,2,1.0,0,TOURIST
94759156@N00,1,1,1.0,0,TOURIST
94862962@N06,2,2,1.0,0,TOURIST
94917918@N03,1,1,1.0,0,TOURIST
95017264@N00,1,1,1.0,0,TOURIST
95034158@N00,1,1,1.0,0,TOURIST
95159733@N00,1,1,1.0,0,TOURIST
95282411@N00,63,63,1.0,3,TOURIST
9532859@N02,13,13,1.0,0,TOURIST
95366800@N00,1,1,1.0,0,TOURIST
95399008@N05,4,4,1.0,0,TOURIST
9540008@N02,1,1,1.0,0,TOURIST
95723449@N06,10,10,1.0,0,TOURIST
95797890@N00,3,3,1.0,1526,RESIDENT
95834685@N00,12,12,1.0,66,TOURIST
9586700@N03,2,2,1.0,0,TOURIST
96006240@N03,3,3,1.0,0,TOURIST
96051051@N02,2,2,1.0,0,TOURIST
96092563@N08,1,1,1.0,0,TOURIST
9619972@N08,14,14,1.0,1,TOURIST
96241281@N00,1,1,1.0,0,TOURIST
96435310@N00,1,1,1.0,0,TOURIST
96436568@N00,1,1,1.0,0,TOURIST
96536076@N07,25,25,1.0,1357,RESIDENT
96544444@N00,1,1,1.0,0,TOURIST
9662258@N02,12,12,1.0,809,RESIDENT
9685675@N04,1,1,1.0,0,TOURIST
96994369@N00,3,3,1.0,0,TOURIST
97094523@N00,12,12,1.0,0,TOURIST
97367540@N06,2,2,1.0,2999,RESIDENT
97636643@N00,1,1,1.0,0,TOURIST
97637284@N08,1,1,1.0,0,TOURIST
97644499@N05,3,3,1.0,0,TOURIST
97805307@N06,3,3,1.0,0,TOURIST
97880116@N07,12,12,1.0,0,TOURIST
98142888@N03,1,1,1.0,0,TOURIST
9818318@N04,4,4,1.0,0,TOURIST
98220269@N07,5,5,1.0,0,TOURIST
98223956@N07,2,2,1.0,0,TOURIST
98231673@N06,2,2,1.0,0,TOURIST
98372297@N03,5,5,1.0,0,TOURIST
98474658@N04,11,11,1.0,0,TOURIST
98508400@N04,2,2,1.0,0,TOURIST
98652059@N00,4,4,1.0,0,TOURIST
98652633@N00,4,4,1.0,0,TOURIST
98710484@N03,1,1,1.0,0,TOURIST
98811944@N08,4,4,1.0,0,TOURIST
98826276@N02,4,4,1.0,0,TOURIST
98924793@N03,1,1,1.0,0,TOURIST
99005497@N00,39,39,1.0,4,TOURIST
9901365@N02,1,1,1.0,0,TOURIST
9905418@N05,2,2,1.0,1,TOURIST
99114600@N08,2,2,1.0,1,TOURIST
99128917@N06,6,6,1.0,0,TOURIST
99212716@N00,1,1,1.0,0,TOURIST
99389223@N00,1,1,1.0,0,TOURIST
99491628@N00,3,3,1.0,0,TOURIST
99664819@N00,1,1,1.0,0,TOURIST
99679294@N00,5,5,1.0,52,TOURIST
99935530@N02,2,2,1.0,355,RESIDENT
